{"cameraMode":{"drawMode":0,"name":"Shaded","section":"Shading Mode"},"sceneLighting":true,"audioPlay":false,"sceneViewState":{"m_AlwaysRefresh":false,"showFog":true,"showSkybox":true,"showFlares":true,"showImageEffects":true,"showParticleSystems":true,"showVisualEffectGraphs":true,"m_FxEnabled":true},"in2DMode":false,"pivot":{"x":2.9068498611450197,"y":4.785078525543213,"z":-2.5688135623931886},"rotation":{"x":0.01290075108408928,"y":0.6039912104606628,"z":0.009780286811292172,"w":-0.7968294024467468},"size":5.854116439819336,"orthographic":false}